img_10.png,99,179,172,179,173,241,101,251
img_10.png,22,198,63,197,62,233,20,238
img_11.png,97,201,170,199,172,262,97,273
img_11.png,22,219,63,218,62,252,19,258
img_110.png,161,128,212,131,209,182,158,181
img_110.png,176,148,192,148,190,166,173,167
img_110.png,126,142,148,142,149,168,126,167
img_111.png,150,133,208,139,206,192,148,191
img_111.png,166,155,187,156,185,177,165,176
img_111.png,105,146,133,147,132,177,102,177
img_112.png,149,141,208,147,205,201,144,201
img_112.png,166,165,186,166,185,186,165,187
img_112.png,104,157,136,157,130,188,101,186
img_113.png,146,144,207,151,204,205,143,204
img_113.png,165,168,185,169,184,190,163,189
img_113.png,101,160,133,160,133,191,100,189
img_114.png,145,150,206,155,204,210,142,211
img_114.png,99,166,129,166,129,196,98,195
img_114.png,165,173,184,174,182,194,163,193
img_115.png,141,154,204,159,202,213,139,216
img_115.png,161,177,181,178,180,198,160,197
img_115.png,96,170,130,170,131,200,95,200
img_116.png,151,161,206,165,205,219,150,218
img_116.png,168,183,185,183,185,202,168,202
img_116.png,118,177,138,177,137,205,117,203
img_117.png,155,163,211,165,210,222,153,222
img_117.png,122,180,144,181,143,209,122,208
img_117.png,174,186,190,186,190,205,174,205
img_119.png,148,205,216,207,212,271,144,276
img_119.png,174,228,192,229,190,251,172,251
img_119.png,106,227,137,222,132,254,100,258
img_12.png,96,199,169,199,168,263,92,272
img_12.png,21,216,62,215,60,249,18,254
img_124.png,135,273,212,269,209,344,122,361
img_124.png,164,297,188,295,185,321,162,323
img_124.png,90,300,127,295,120,332,80,339
img_125.png,133,263,210,257,206,334,121,351
img_125.png,163,288,186,285,184,310,161,312
img_125.png,87,290,125,286,119,322,81,328
img_126.png,129,257,208,252,206,328,120,345
img_126.png,162,284,185,281,183,306,161,308
img_126.png,85,286,120,283,118,321,79,324
img_127.png,126,250,206,244,206,320,119,337
img_127.png,84,279,118,274,114,308,79,315
img_127.png,162,276,183,274,184,298,161,301
img_128.png,125,234,205,234,205,306,118,321
img_128.png,82,266,120,262,115,298,77,303
img_128.png,162,262,184,261,182,286,160,289
img_129.png,125,208,204,208,205,280,121,292
img_129.png,163,236,184,236,184,258,162,261
img_129.png,85,239,121,235,120,267,83,273
img_13.png,127,192,201,193,200,257,123,265
img_13.png,53,208,96,207,93,242,51,246
img_13.png,8,214,32,215,29,235,5,236
img_130.png,127,177,206,180,205,250,125,257
img_130.png,165,206,186,207,186,228,165,230
img_130.png,89,202,126,202,124,236,88,239
img_131.png,128,159,208,164,207,234,124,240
img_131.png,93,185,127,187,126,219,91,219
img_131.png,168,193,190,192,188,214,167,214
img_132.png,130,152,212,159,208,231,125,232
img_132.png,169,187,190,188,190,210,168,209
img_132.png,95,178,132,178,131,212,93,211
img_133.png,134,145,215,156,210,226,126,227
img_133.png,99,172,136,173,134,208,97,207
img_133.png,172,183,194,183,193,205,171,205
img_134.png,134,139,217,149,212,221,128,220
img_134.png,102,165,138,168,137,201,99,200
img_134.png,175,177,196,177,195,200,173,198
img_135.png,133,139,216,149,213,222,127,223
img_135.png,176,178,198,180,196,202,175,200
img_135.png,102,169,137,170,137,203,99,203
img_136.png,131,149,217,157,214,231,125,235
img_136.png,177,189,198,190,197,211,176,212
img_136.png,102,181,137,181,135,215,100,215
img_137.png,129,163,215,170,215,246,127,251
img_137.png,176,201,198,201,197,225,175,224
img_137.png,101,195,136,194,134,231,98,231
img_138.png,128,182,216,186,214,264,121,270
img_138.png,177,220,198,220,197,243,175,243
img_138.png,100,214,137,214,136,249,98,251
img_139.png,127,189,216,193,214,272,119,282
img_139.png,177,228,199,228,199,251,176,252
img_139.png,100,223,136,222,135,257,96,259
img_14.png,125,185,201,187,199,253,121,259
img_14.png,55,201,95,202,93,236,52,239
img_14.png,6,208,33,207,32,227,4,227
img_140.png,141,188,216,191,216,267,138,268
img_140.png,122,218,149,218,149,249,122,249
img_140.png,182,225,203,225,203,247,182,247
img_141.png,122,186,214,190,213,270,115,281
img_141.png,176,227,198,226,197,249,176,249
img_141.png,96,223,132,221,133,256,94,258
img_142.png,118,185,212,188,211,270,111,280
img_142.png,176,225,197,225,198,248,175,248
img_142.png,96,222,133,220,132,256,93,257
img_143.png,115,186,212,189,212,273,108,285
img_143.png,94,224,133,223,130,260,92,262
img_143.png,176,228,198,226,197,250,175,251
img_144.png,113,188,212,190,211,276,105,288
img_144.png,175,231,197,230,197,254,174,255
img_144.png,92,226,130,225,130,262,89,264
img_145.png,110,191,210,194,209,282,100,294
img_145.png,130,229,95,230,92,269,127,267
img_145.png,175,235,197,234,197,258,173,259
img_146.png,110,194,211,197,209,287,97,297
img_146.png,175,238,198,237,197,262,173,264
img_146.png,130,231,96,233,92,270,128,269
img_147.png,107,195,210,198,207,289,94,301
img_147.png,132,234,95,235,91,274,127,273
img_147.png,175,240,197,239,197,263,173,264
img_148.png,106,201,212,203,207,298,90,309
img_148.png,128,240,94,241,90,281,127,278
img_148.png,175,246,199,246,199,271,174,272
img_149.png,104,202,210,206,205,300,88,312
img_149.png,128,243,89,243,87,283,126,281
img_149.png,175,248,198,248,198,273,173,274
img_150.png,104,198,211,203,205,297,87,309
img_150.png,129,241,94,239,89,280,124,279
img_150.png,177,248,200,248,198,271,176,271
img_151.png,103,193,212,199,206,296,84,305
img_151.png,131,236,97,235,92,275,127,274
img_151.png,178,243,201,242,200,267,176,268
img_152.png,104,182,213,193,205,288,85,295
img_152.png,134,227,98,227,88,265,128,265
img_152.png,179,234,203,234,200,261,175,259
img_153.png,104,176,214,185,206,281,85,289
img_153.png,135,219,99,219,92,257,129,258
img_153.png,181,229,203,228,201,253,178,253
img_154.png,102,170,214,179,207,277,85,284
img_154.png,136,214,93,214,90,253,133,254
img_154.png,182,225,208,224,206,249,179,250
img_155.png,102,166,214,177,208,276,86,280
img_155.png,106,212,139,212,136,250,101,250
img_155.png,185,223,209,222,206,246,183,246
img_156.png,104,165,216,174,210,273,87,278
img_156.png,105,210,141,210,138,248,100,247
img_156.png,188,220,214,220,212,244,186,245
img_157.png,105,161,218,173,210,272,87,276
img_157.png,108,207,144,208,142,245,104,245
img_157.png,191,217,216,218,214,243,189,241
img_158.png,107,160,222,172,214,271,91,276
img_158.png,110,206,147,206,146,244,108,244
img_158.png,194,217,218,217,217,241,192,240
img_159.png,109,160,224,171,217,272,91,277
img_159.png,114,207,150,207,147,245,108,244
img_159.png,196,218,223,217,221,243,193,241
img_160.png,110,157,226,169,217,271,92,273
img_160.png,117,204,154,204,150,242,113,242
img_160.png,198,214,221,214,220,238,197,238
img_161.png,112,153,228,165,220,266,94,269
img_161.png,119,201,155,202,153,240,117,238
img_161.png,201,212,226,212,223,237,199,236
img_162.png,112,151,229,162,221,265,97,268
img_162.png,121,198,158,199,156,237,116,236
img_162.png,202,210,226,210,226,233,201,233
img_163.png,114,151,232,164,224,267,98,269
img_163.png,122,200,158,201,156,239,119,237
img_163.png,205,211,230,211,229,235,204,235
img_164.png,114,151,232,161,225,266,96,271
img_164.png,124,201,160,201,158,239,120,239
img_164.png,206,211,228,211,229,235,206,236
img_165.png,112,147,231,158,226,265,97,269
img_165.png,125,198,161,199,160,236,122,236
img_165.png,207,209,231,208,231,233,206,234
img_166.png,110,147,233,156,226,264,96,269
img_166.png,125,198,161,198,160,235,121,235
img_166.png,209,207,233,208,232,231,208,231
img_167.png,107,147,232,157,226,267,93,272
img_167.png,126,198,162,198,159,237,121,237
img_167.png,208,208,228,209,227,232,207,232
img_168.png,108,148,233,157,227,268,93,274
img_168.png,124,200,161,200,160,238,122,239
img_168.png,209,208,233,209,232,233,207,233
img_169.png,105,148,232,158,226,270,91,277
img_169.png,124,201,161,201,159,240,120,239
img_169.png,209,210,233,209,233,234,208,235
img_170.png,106,148,234,158,229,271,89,278
img_170.png,125,203,162,203,161,241,122,241
img_171.png,103,148,234,159,230,272,89,282
img_171.png,125,204,162,203,161,242,124,242
img_171.png,210,211,234,211,234,238,209,237
img_172.png,101,148,235,157,231,273,87,282
img_172.png,125,204,163,203,162,242,122,243
img_172.png,210,213,234,212,234,237,209,237
img_173.png,100,149,235,156,232,275,85,285
img_173.png,124,205,161,204,162,244,122,245
img_173.png,209,213,234,212,235,238,209,239
img_174.png,98,149,235,157,232,277,85,288
img_174.png,125,206,161,206,161,244,122,245
img_174.png,210,213,236,212,236,238,210,238
img_175.png,95,148,236,156,234,276,84,288
img_175.png,124,205,161,204,162,245,121,244
img_175.png,210,213,235,213,234,239,210,239
img_176.png,96,146,236,154,234,278,82,291
img_176.png,125,205,162,204,162,243,123,244
img_176.png,212,212,237,211,237,238,211,238
img_177.png,93,145,236,153,235,278,80,290
img_177.png,125,205,163,204,162,244,122,245
img_177.png,212,212,236,211,237,238,211,238
img_178.png,92,146,239,153,235,279,78,293
img_178.png,122,244,125,204,164,203,164,244
img_178.png,213,213,239,213,237,239,212,239
img_179.png,91,143,239,152,236,281,77,295
img_179.png,127,205,164,204,164,245,125,245
img_179.png,213,212,238,211,239,238,212,238
img_18.png,92,231,177,233,170,307,80,319
img_18.png,19,251,62,251,56,289,10,294
img_180.png,92,145,241,155,238,285,76,298
img_180.png,126,207,165,205,165,247,123,247
img_180.png,214,214,241,213,241,240,213,240
img_181.png,89,146,242,155,239,289,73,303
img_181.png,128,210,167,209,165,250,123,251
img_181.png,215,218,240,216,240,243,214,243
img_182.png,92,143,245,153,242,287,72,301
img_182.png,129,209,167,207,167,248,125,250
img_182.png,217,216,242,216,242,242,216,242
img_183.png,89,139,245,151,241,286,70,298
img_183.png,129,205,168,204,167,246,126,246
img_183.png,218,214,244,213,242,239,217,239
img_184.png,89,138,248,149,242,285,69,299
img_184.png,130,203,168,202,168,243,126,244
img_184.png,218,212,242,210,242,237,217,238
img_185.png,86,136,246,145,244,286,67,298
img_185.png,131,203,168,202,168,244,125,244
img_185.png,218,212,243,211,242,238,217,238
img_186.png,84,134,247,146,243,287,65,301
img_186.png,130,203,169,202,168,244,127,245
img_186.png,219,212,245,212,245,238,218,238
img_187.png,82,131,249,144,246,289,63,301
img_187.png,130,203,168,201,167,245,127,244
img_187.png,219,211,242,211,242,237,218,237
img_188.png,79,131,250,143,245,290,59,303
img_188.png,130,203,168,201,167,244,126,244
img_188.png,220,211,246,210,246,237,219,238
img_189.png,79,129,251,143,246,292,58,307
img_189.png,130,203,169,202,169,245,127,245
img_189.png,220,212,241,211,243,237,219,238
img_19.png,93,242,179,242,172,318,78,333
img_19.png,19,262,62,261,57,301,9,305
img_190.png,75,129,251,141,247,294,53,310
img_190.png,130,203,169,201,169,245,127,245
img_190.png,221,211,244,210,245,238,220,237
img_191.png,74,128,252,142,247,295,53,311
img_191.png,131,205,169,203,168,247,128,246
img_191.png,222,213,245,213,245,239,220,239
img_192.png,74,129,254,142,249,297,52,317
img_192.png,130,206,170,204,169,248,125,247
img_192.png,220,213,244,212,245,240,219,240
img_193.png,72,127,255,140,252,299,47,319
img_193.png,132,204,172,203,171,247,128,247
img_193.png,222,213,248,212,246,240,221,240
img_194.png,72,123,257,138,255,301,47,321
img_194.png,132,204,172,202,172,246,130,247
img_194.png,224,212,250,212,248,240,223,239
img_195.png,67,122,258,137,256,301,44,324
img_195.png,133,203,173,203,171,247,130,246
img_195.png,224,213,249,212,250,238,224,239
img_196.png,65,125,260,136,259,307,43,330
img_196.png,135,206,175,205,174,248,131,250
img_196.png,226,215,249,214,250,241,225,241
img_197.png,63,121,262,135,262,311,39,332
img_197.png,135,207,176,206,175,250,132,250
img_197.png,226,216,251,215,250,242,226,242
img_198.png,60,118,263,134,263,311,33,338
img_198.png,135,206,176,204,175,249,132,250
img_198.png,228,214,253,213,253,240,227,241
img_199.png,54,115,266,132,265,310,34,330
img_199.png,136,203,176,202,176,246,134,247
img_199.png,228,212,253,211,253,237,228,238
img_20.png,90,237,177,237,171,314,77,327
img_20.png,17,258,62,258,56,297,8,303
img_200.png,52,111,268,127,266,312,25,336
img_200.png,136,204,176,202,173,247,133,246
img_200.png,228,211,253,210,253,238,228,238
img_202.png,47,109,269,126,267,321,15,346
img_202.png,135,205,176,203,175,248,131,249
img_202.png,229,213,254,213,254,241,229,240
img_203.png,47,106,272,123,266,327,12,347
img_203.png,135,205,176,204,175,250,132,250
img_203.png,229,214,254,214,254,241,229,241
img_204.png,39,107,273,126,272,324,7,353
img_204.png,137,207,176,207,176,252,132,252
img_204.png,229,216,255,216,255,243,229,243
img_205.png,41,103,276,123,274,328,3,355
img_205.png,136,207,177,206,176,252,132,251
img_205.png,230,216,254,216,255,244,230,243
img_21.png,90,232,177,231,172,305,78,319
img_21.png,12,252,57,250,56,290,7,297
img_22.png,89,217,176,217,174,292,81,306
img_22.png,19,237,64,237,64,274,13,281
img_23.png,85,203,173,206,169,281,76,291
img_23.png,16,223,62,223,60,261,10,266
img_232.png,154,129,201,129,201,183,153,180
img_232.png,258,148,285,149,285,180,257,178
img_233.png,154,139,201,139,202,192,153,189
img_233.png,259,157,285,157,285,188,258,187
img_234.png,151,143,198,142,199,197,150,195
img_234.png,257,161,284,161,284,191,256,190
img_235.png,149,147,197,146,198,201,148,200
img_235.png,255,164,283,163,283,194,254,193
img_236.png,145,154,194,153,194,209,145,206
img_236.png,254,169,282,169,282,201,254,199
img_237.png,143,157,193,156,192,214,141,212
img_237.png,253,173,281,173,280,205,252,203
img_238.png,142,165,192,163,191,222,139,220
img_238.png,252,180,281,179,281,212,252,211
img_239.png,139,169,190,166,192,226,137,225
img_239.png,252,184,281,184,280,215,252,215
img_24.png,86,196,174,199,170,273,75,284
img_24.png,18,216,66,215,59,253,11,258
img_240.png,137,178,190,174,189,236,132,235
img_240.png,250,191,278,191,277,224,249,223
img_241.png,132,204,185,200,181,265,126,264
img_241.png,249,215,278,216,276,250,247,249
img_242.png,124,243,181,241,173,313,111,311
img_242.png,247,255,276,253,276,292,245,292
img_243.png,116,286,176,281,161,360,97,357
img_243.png,244,294,274,292,276,333,240,334
img_246.png,120,203,182,204,170,278,108,273
img_246.png,245,224,273,224,270,259,241,258
img_247.png,122,185,182,184,174,253,112,249
img_247.png,246,204,277,205,274,241,243,238
img_248.png,125,192,187,193,176,265,113,260
img_248.png,249,212,280,214,279,251,246,249
img_249.png,130,219,190,222,176,297,115,290
img_249.png,255,241,287,243,283,281,250,278
img_25.png,85,191,175,196,170,271,75,279
img_25.png,22,210,64,211,62,250,15,252
img_250.png,132,246,194,249,178,330,110,321
img_250.png,259,268,291,270,286,309,254,306
img_251.png,134,264,198,263,176,350,107,343
img_251.png,261,288,295,289,290,331,255,328
img_252.png,139,257,203,259,180,346,112,331
img_252.png,264,286,298,288,293,331,257,325
img_253.png,144,246,207,249,186,333,118,321
img_253.png,268,276,301,278,295,319,262,315
img_254.png,149,241,212,242,192,324,127,314
img_254.png,271,269,305,272,301,311,266,307
img_255.png,153,238,216,238,200,321,135,312
img_255.png,277,262,311,264,307,304,272,301
img_256.png,156,233,219,232,208,315,139,309
img_256.png,279,256,312,256,311,296,276,294
img_257.png,157,230,221,227,212,310,143,305
img_257.png,280,251,314,250,314,291,278,290
img_258.png,160,228,224,226,217,307,146,303
img_258.png,281,249,314,248,314,289,279,287
img_259.png,161,226,227,222,218,305,147,301
img_259.png,282,246,317,246,316,285,281,283
img_26.png,80,190,169,196,162,271,66,278
img_26.png,15,208,58,211,51,251,8,251
img_260.png,161,224,227,219,221,302,151,299
img_260.png,284,242,318,240,317,280,282,279
img_261.png,162,220,228,214,225,296,153,296
img_261.png,283,237,317,234,318,273,283,274
img_262.png,162,217,229,210,226,293,156,293
img_262.png,284,233,317,231,318,270,284,270
img_263.png,163,214,230,208,229,291,156,289
img_263.png,284,231,318,229,319,267,283,268
img_264.png,164,215,232,208,227,291,156,292
img_264.png,285,231,318,228,318,267,284,268
img_265.png,166,212,233,205,232,288,160,288
img_265.png,285,228,318,224,320,263,285,265
img_266.png,166,204,234,195,234,277,163,279
img_266.png,284,219,317,215,319,253,285,256
img_267.png,167,197,235,188,235,270,163,274
img_267.png,283,211,317,207,319,245,284,248
img_268.png,165,192,234,182,236,264,164,267
img_268.png,281,206,316,202,319,239,284,242
img_269.png,164,188,233,178,236,259,164,262
img_269.png,281,202,315,198,317,235,283,238
img_27.png,81,188,172,195,164,273,67,279
img_27.png,16,210,58,211,54,249,10,251
img_270.png,164,183,233,174,236,254,164,257
img_270.png,280,197,314,194,317,232,282,234
img_271.png,164,179,233,169,237,251,164,254
img_271.png,279,195,313,191,316,229,281,231
img_272.png,162,176,233,167,237,249,164,249
img_272.png,278,192,312,188,315,226,281,230
img_273.png,161,175,233,164,236,247,163,249
img_273.png,277,190,311,187,314,225,279,227
img_274.png,160,172,232,164,236,246,161,248
img_274.png,276,189,310,185,312,223,278,225
img_275.png,160,173,232,164,234,248,161,249
img_275.png,275,190,308,187,310,226,276,227
img_276.png,158,174,230,165,233,248,157,249
img_276.png,273,192,307,189,308,227,275,228
img_277.png,157,174,230,166,232,249,156,253
img_277.png,272,192,307,190,308,228,273,229
img_278.png,154,174,229,168,230,253,152,251
img_278.png,270,195,305,192,305,230,270,232
img_279.png,152,176,227,168,227,253,150,255
img_279.png,268,195,304,192,304,230,269,231
img_28.png,80,191,170,198,162,277,63,282
img_28.png,19,214,59,214,55,254,14,255
img_280.png,149,174,224,167,226,253,148,253
img_280.png,266,196,301,194,302,233,267,232
img_281.png,147,172,225,167,225,254,144,253
img_281.png,265,194,300,192,300,230,265,231
img_282.png,146,173,225,166,223,254,142,254
img_282.png,262,195,299,195,299,231,263,232
img_283.png,145,178,223,171,223,259,142,259
img_283.png,263,236,263,199,297,197,299,236
img_284.png,145,178,223,171,222,260,140,259
img_284.png,263,200,298,199,298,238,262,237
img_285.png,144,175,224,170,224,258,140,257
img_285.png,261,198,297,197,297,236,261,236
img_286.png,144,174,224,168,222,257,139,254
img_286.png,262,197,297,195,298,232,262,233
img_287.png,144,173,226,167,224,257,139,257
img_287.png,261,197,297,197,297,235,261,235
img_288.png,144,172,226,167,225,259,140,257
img_288.png,261,199,297,198,298,236,262,235
img_289.png,145,174,227,168,224,260,137,260
img_289.png,261,200,296,199,297,237,261,237
img_29.png,75,194,168,201,160,280,61,287
img_29.png,12,217,55,219,49,259,9,258
img_290.png,143,174,227,170,224,262,137,258
img_290.png,262,201,297,200,298,239,262,239
img_291.png,144,174,229,170,224,265,136,261
img_291.png,262,203,299,202,298,242,261,242
img_292.png,143,177,228,173,225,268,135,264
img_292.png,262,205,298,204,298,242,261,242
img_293.png,143,180,230,175,225,271,135,268
img_293.png,262,207,298,205,298,245,261,245
img_294.png,143,182,231,176,228,273,135,272
img_294.png,262,208,298,207,298,246,261,247
img_295.png,142,179,230,175,228,272,133,271
img_295.png,262,206,299,206,300,246,262,245
img_296.png,139,180,238,172,237,282,133,280
img_296.png,263,206,301,204,300,247,262,246
img_297.png,138,181,237,172,239,283,132,284
img_297.png,257,206,299,204,301,246,258,247
img_298.png,136,181,238,171,240,281,131,285
img_298.png,299,203,258,205,259,247,301,246
img_299.png,136,181,239,171,240,283,130,287
img_299.png,260,205,300,203,301,245,261,246
img_300.png,135,180,238,169,241,284,129,286
img_300.png,254,207,298,203,303,245,258,250
img_301.png,135,179,240,169,242,285,128,288
img_301.png,258,207,298,205,300,249,260,249
img_302.png,133,180,239,170,240,286,127,289
img_302.png,261,206,298,204,300,247,261,249
img_303.png,134,180,240,170,241,289,126,290
img_303.png,261,209,298,208,300,252,260,252
img_304.png,132,178,241,169,240,291,121,291
img_304.png,260,210,298,209,300,252,260,252
img_305.png,129,181,241,170,239,294,119,295
img_305.png,259,212,298,211,299,256,259,257
img_306.png,129,182,240,173,239,296,121,293
img_306.png,261,214,297,212,299,256,260,258
img_307.png,128,178,241,170,240,294,117,292
img_307.png,257,211,296,209,298,254,256,255
img_308.png,125,173,242,165,239,290,114,291
img_308.png,259,207,297,206,299,250,260,252
img_309.png,125,169,241,164,241,288,115,289
img_309.png,260,206,296,205,297,250,261,248
img_31.png,77,182,168,188,161,270,61,276
img_31.png,21,207,64,211,55,251,12,248
img_310.png,125,166,241,161,241,289,115,285
img_310.png,259,205,296,204,297,249,261,249
img_311.png,124,167,245,158,240,288,115,287
img_311.png,258,203,297,205,297,249,258,248
img_312.png,125,166,245,158,241,290,111,287
img_312.png,263,203,298,204,299,246,262,248
img_313.png,128,160,249,156,242,286,112,284
img_313.png,264,203,299,203,299,246,263,246
img_314.png,126,158,249,154,244,287,112,282
img_314.png,268,200,301,201,300,244,266,245
img_315.png,126,156,250,151,246,285,114,278
img_315.png,263,198,300,201,301,244,265,243
img_316.png,127,152,251,148,248,283,116,279
img_316.png,263,196,301,195,301,241,259,243
img_317.png,127,150,253,145,249,283,115,280
img_317.png,261,196,300,195,301,239,259,240
img_318.png,128,151,254,143,253,281,117,279
img_318.png,259,196,300,195,301,239,258,239
img_319.png,125,146,256,139,254,282,116,277
img_319.png,260,195,301,193,303,238,260,238
img_32.png,96,180,189,188,182,270,83,274
img_32.png,44,206,90,207,84,245,38,248
img_32.png,16,217,39,219,38,236,14,236
img_320.png,125,151,257,142,255,285,115,281
img_320.png,262,195,304,193,304,238,262,239
img_321.png,126,146,256,141,258,285,115,282
img_321.png,261,195,302,192,303,238,261,238
img_322.png,122,148,258,140,258,285,114,284
img_322.png,261,195,303,193,304,238,261,239
img_323.png,122,147,258,139,260,288,114,284
img_323.png,261,196,304,192,304,239,260,241
img_324.png,122,150,257,141,260,291,115,286
img_324.png,260,195,303,193,305,239,261,240
img_325.png,118,147,261,137,261,291,109,289
img_325.png,260,196,304,193,305,241,261,239
img_326.png,137,152,263,140,266,287,136,281
img_326.png,260,198,302,195,305,241,261,242
img_327.png,116,149,263,138,265,298,108,294
img_327.png,261,199,304,198,305,244,260,246
img_328.png,113,144,265,134,267,295,104,294
img_328.png,259,195,302,192,305,239,260,239
img_329.png,112,143,264,126,266,293,104,292
img_329.png,259,192,302,190,304,235,259,236
img_33.png,93,178,188,187,179,270,80,275
img_33.png,44,207,87,211,81,247,36,248
img_33.png,14,219,38,219,34,240,10,239
img_330.png,111,140,266,128,269,294,100,295
img_330.png,258,189,303,187,305,236,258,237
img_331.png,108,138,267,126,271,298,99,294
img_331.png,260,194,302,191,304,239,259,241
img_34.png,87,178,181,186,175,269,75,275
img_34.png,38,209,83,210,79,247,32,249
img_34.png,10,220,27,220,26,239,9,239
img_35.png,12,217,10,239,33,240,36,218
img_35.png,34,247,39,204,85,209,81,246
img_35.png,86,176,183,184,177,268,75,274
img_36.png,14,213,35,213,33,234,11,234
img_36.png,40,203,87,205,83,242,35,244
img_36.png,87,173,184,179,177,264,75,270
img_37.png,11,214,35,214,33,234,10,233
img_37.png,37,200,83,204,79,239,34,240
img_37.png,80,167,180,175,174,261,69,267
img_370.png,287,137,347,138,345,203,285,201
img_371.png,289,146,348,147,350,213,288,209
img_372.png,291,149,351,151,353,219,289,216
img_373.png,291,155,351,154,353,220,290,220
img_374.png,293,157,355,156,358,222,293,222
img_375.png,291,158,356,156,358,225,293,224
img_376.png,358,156,358,227,292,227,291,160
img_382.png,261,252,331,227,355,309,279,335
img_383.png,245,267,317,236,348,316,268,353
img_384.png,226,250,300,222,330,300,253,335
img_385.png,208,219,283,190,314,264,238,299
img_386.png,190,198,267,167,297,239,222,274
img_387.png,173,188,254,160,281,236,204,267
img_388.png,157,191,243,166,266,245,182,275
img_389.png,145,192,236,175,256,259,163,285
img_39.png,12,214,36,214,36,234,11,234
img_39.png,37,200,84,202,80,240,33,242
img_39.png,79,165,180,173,176,261,69,268
img_390.png,133,198,230,184,244,271,144,295
img_391.png,123,212,225,202,234,293,127,318
img_392.png,110,230,217,219,224,316,108,339
img_393.png,104,238,214,230,218,332,96,357
img_396.png,88,226,207,222,204,330,69,348
img_397.png,87,217,208,218,201,328,62,340
img_398.png,87,212,209,214,203,325,60,340
img_399.png,87,208,211,212,203,325,59,338
img_400.png,89,201,214,207,204,319,60,329
img_401.png,89,192,216,196,206,310,62,322
img_402.png,92,183,220,190,210,305,65,312
img_403.png,96,176,222,185,212,298,70,306
img_404.png,99,170,225,180,215,294,73,300
img_405.png,100,167,226,176,215,291,75,294
img_406.png,103,162,228,173,217,287,77,288
img_407.png,104,159,230,169,217,284,77,285
img_408.png,104,155,233,167,221,283,79,281
img_409.png,108,150,236,162,223,281,82,281
img_41.png,14,213,39,213,37,232,11,235
img_41.png,38,200,83,202,80,239,34,240
img_41.png,73,164,178,168,176,260,64,269
img_410.png,106,145,235,155,226,272,84,274
img_411.png,105,139,236,150,229,270,85,273
img_412.png,127,146,239,148,235,264,121,260
img_413.png,126,147,239,149,236,265,121,262
img_414.png,103,142,239,150,236,272,88,277
img_415.png,100,143,238,145,236,270,87,279
img_416.png,100,142,238,144,236,271,88,279
img_417.png,99,142,239,143,238,272,86,281
img_418.png,100,137,242,143,239,273,85,278
img_419.png,100,135,245,141,240,272,84,278
img_42.png,76,162,180,169,177,259,63,268
img_42.png,15,214,37,214,36,233,13,233
img_42.png,36,200,83,201,80,239,33,241
img_420.png,102,132,248,142,241,274,86,275
img_421.png,106,131,250,141,242,276,84,275
img_422.png,108,127,256,139,246,275,86,272
img_423.png,109,124,258,135,248,276,88,270
img_424.png,111,119,263,136,252,277,90,271
img_425.png,112,123,264,136,254,280,88,276
img_426.png,137,131,270,138,261,277,124,266
img_427.png,114,127,271,137,262,285,93,282
img_428.png,119,128,274,137,267,289,93,290
img_429.png,116,132,277,138,270,293,93,293
img_43.png,13,215,37,214,36,234,12,233
img_43.png,35,201,83,203,80,241,33,242
img_43.png,70,161,179,167,176,259,62,268
img_430.png,115,134,279,139,277,299,94,303
img_431.png,116,136,281,138,278,300,95,306
img_432.png,113,138,282,138,282,306,93,312
img_433.png,113,139,284,138,286,309,94,320
img_434.png,108,136,285,136,290,308,90,321
img_435.png,105,136,287,133,293,310,88,328
img_436.png,99,143,286,136,296,316,87,337
img_437.png,88,148,279,133,298,318,80,352
img_438.png,78,146,277,130,301,320,82,355
img_45.png,15,214,40,215,40,235,13,235
img_45.png,34,201,83,202,80,240,31,243
img_45.png,67,158,180,165,177,259,59,268
img_46.png,64,158,180,165,177,261,57,271
img_46.png,35,200,83,203,80,240,32,243
img_46.png,16,216,36,218,34,234,15,234
img_47.png,62,159,176,165,172,263,50,274
img_47.png,33,199,80,203,77,242,29,246
img_47.png,13,217,34,217,33,234,11,235
img_48.png,66,158,182,165,179,263,55,272
img_48.png,36,201,84,203,82,241,34,245
img_48.png,19,217,45,215,43,236,18,237
img_51.png,58,158,181,165,174,270,45,277
img_51.png,39,204,83,204,79,243,34,248
img_51.png,19,217,39,218,33,240,15,239
img_52.png,53,156,177,165,170,270,39,279
img_52.png,36,203,80,206,75,245,31,248
img_52.png,15,221,39,220,36,247,11,246
img_53.png,62,155,183,166,177,270,44,279
img_53.png,43,205,87,206,83,247,41,249
img_53.png,21,219,34,220,31,240,17,240
img_54.png,99,156,225,165,218,272,81,280
img_54.png,83,203,127,207,124,245,78,248
img_54.png,3,213,39,213,34,241,-2,241
img_55.png,95,151,224,161,218,271,80,280
img_55.png,81,205,128,206,124,246,77,245
img_55.png,6,211,42,213,39,242,2,241
img_56.png,5,212,42,213,41,240,4,241
img_56.png,129,206,125,245,82,247,86,202
img_56.png,96,152,224,160,221,272,80,281
img_57.png,98,151,227,159,222,272,79,280
img_57.png,88,201,132,205,127,245,84,246
img_57.png,8,212,45,213,43,240,7,239
img_58.png,95,149,229,158,222,273,77,282
img_58.png,13,211,46,212,45,240,12,241
img_58.png,91,202,134,205,129,244,83,247
img_59.png,12,212,50,211,46,240,9,240
img_59.png,89,199,134,205,130,245,83,246
img_59.png,94,146,228,157,224,275,75,282
img_6.png,34,80,124,92,127,156,43,156
img_60.png,92,145,230,155,224,274,73,282
img_60.png,88,199,135,203,130,245,84,248
img_60.png,13,210,50,211,48,240,12,240
img_61.png,94,141,231,152,226,274,72,283
img_61.png,13,211,52,210,50,239,12,238
img_61.png,134,203,131,245,82,246,85,201
img_61.png,86,215,101,216,97,236,81,235
img_62.png,90,141,231,152,227,274,71,283
img_62.png,88,199,137,203,133,245,86,246
img_62.png,16,209,49,209,47,236,11,237
img_62.png,85,214,101,215,99,235,82,235
img_63.png,89,139,234,150,230,275,69,285
img_63.png,84,197,138,202,135,243,83,244
img_63.png,18,208,51,209,48,237,15,237
img_63.png,83,214,103,215,102,234,79,234
img_64.png,87,139,236,150,230,277,69,289
img_64.png,87,201,138,202,136,244,82,247
img_64.png,19,212,48,210,44,237,15,238
img_64.png,86,216,105,215,103,237,82,237
img_65.png,88,140,237,150,233,279,68,292
img_65.png,89,201,140,203,137,245,86,248
img_65.png,21,212,47,212,47,240,20,239
img_65.png,88,217,108,217,105,237,85,237
img_66.png,87,134,238,147,234,281,71,291
img_66.png,93,196,144,202,140,242,85,246
img_66.png,88,214,110,215,108,234,86,234
img_66.png,21,209,53,209,50,238,19,238
img_67.png,85,134,241,145,237,278,67,291
img_67.png,97,197,144,199,140,242,92,243
img_67.png,25,208,56,209,54,235,21,236
img_67.png,94,212,111,213,109,232,92,231
img_68.png,80,132,242,142,239,279,64,291
img_68.png,97,197,145,200,143,241,92,241
img_68.png,27,208,53,208,50,235,25,236
img_68.png,94,214,113,214,111,232,92,232
img_69.png,80,135,243,144,241,285,63,299
img_69.png,101,200,148,203,145,245,94,246
img_69.png,27,212,49,213,51,239,25,238
img_69.png,95,216,114,217,112,236,94,235
img_71.png,80,130,248,142,246,288,57,302
img_71.png,100,199,150,202,146,244,95,246
img_71.png,98,216,118,217,117,235,96,236
img_72.png,75,127,250,141,246,290,55,305
img_72.png,102,199,151,201,148,244,98,246
img_72.png,101,215,120,215,120,235,100,235
img_73.png,74,130,251,142,247,296,49,310
img_73.png,102,203,152,204,149,247,97,250
img_73.png,100,217,121,219,119,238,97,236
img_74.png,73,127,253,138,249,298,50,314
img_74.png,101,200,153,204,150,248,96,249
img_74.png,100,217,123,219,122,238,100,238
img_8.png,91,134,164,135,167,197,93,203
img_8.png,4,147,47,149,49,185,6,186
img_9.png,104,154,176,155,180,217,109,226
img_9.png,22,172,67,173,68,208,23,211
